[{"line":1,"elements":[{"start_timestamp":"2024-04-10T08:15:27.364Z","line":3,"name":"Create a new claim request","description":"","id":"create-claim-request-functionality;create-a-new-claim-request","type":"scenario","keyword":"Scenario","steps":[{"result":{"duration":43569782400,"status":"passed"},"line":4,"name":"the user enters valid credentials with username \"Admin\" and password \"admin123\"","match":{"arguments":[{"val":"\"Admin\"","offset":48},{"val":"\"admin123\"","offset":69}],"location":"com.cg.stepdefinition.ClaimRequestStepDefinition.the_user_enters_valid_credentials_with_username_and_password(java.lang.String,java.lang.String)"},"keyword":"Given "},{"result":{"duration":2017031700,"status":"passed"},"line":5,"name":"User navigates to the Claim section","match":{"location":"com.cg.stepdefinition.ClaimRequestStepDefinition.user_navigates_to_the_claim_section()"},"keyword":"When "},{"result":{"error_message":"java.lang.NullPointerException: Cannot invoke \"org.openqa.selenium.WebDriver.manage()\" because \"this.driver\" is null\r\n\tat com.cg.pagefactory.ClaimRequestPage.empdetails(ClaimRequestPage.java:64)\r\n\tat com.cg.stepdefinition.ClaimRequestStepDefinition.user_inputs_employee_name(ClaimRequestStepDefinition.java:48)\r\n\tat ✽.User inputs Employee Name \"ABC\"(file:///C:/Users/mopullag/eclipse-workspace/chitti/CucumberSeleniumProject/src/test/resources/FeatureFiles/ClaimRequest.feature:6)\r\n","duration":27101300,"status":"failed"},"line":6,"name":"User inputs Employee Name \"ABC\"","match":{"arguments":[{"val":"\"ABC\"","offset":26}],"location":"com.cg.stepdefinition.ClaimRequestStepDefinition.user_inputs_employee_name(java.lang.String)"},"keyword":"And "},{"result":{"duration":1528800,"status":"skipped"},"line":7,"name":"User selects Event Name Medical Reimbursement","match":{"location":"com.cg.stepdefinition.ClaimRequestStepDefinition.user_selects_event_name_medical_reimbursement()"},"keyword":"And "},{"result":{"duration":1001900,"status":"skipped"},"line":8,"name":"User selects Currency Indian Rupee","match":{"location":"com.cg.stepdefinition.ClaimRequestStepDefinition.user_selects_currency_indian_rupee()"},"keyword":"And "},{"result":{"duration":1020200,"status":"skipped"},"line":9,"name":"User inserts remarks if necessary \"Medical Reports\"","match":{"arguments":[{"val":"\"Medical Reports\"","offset":34}],"location":"com.cg.stepdefinition.ClaimRequestStepDefinition.user_inserts_remarks_if_necessary(java.lang.String)"},"keyword":"And "},{"result":{"duration":1984400,"status":"skipped"},"line":10,"name":"User clicks on the Submit button","match":{"location":"com.cg.stepdefinition.ClaimRequestStepDefinition.user_clicks_on_the_submit_button()"},"keyword":"And "},{"result":{"duration":3021000,"status":"skipped"},"line":11,"name":"System should promptly display the created claim","match":{"location":"com.cg.stepdefinition.ClaimRequestStepDefinition.system_should_promptly_display_the_created_claim()"},"keyword":"Then "}]}],"name":"Create Claim Request Functionality","description":"","id":"create-claim-request-functionality","keyword":"Feature","uri":"file:src/test/resources/FeatureFiles/ClaimRequest.feature","tags":[]},{"line":1,"elements":[{"start_timestamp":"2024-04-10T08:16:13.230Z","line":3,"name":"Checking dashboard experience","description":"","id":"checking-the-dashboard-functionaliy;checking-dashboard-experience","type":"scenario","keyword":"Scenario","steps":[{"result":{"duration":10624620700,"status":"passed"},"line":4,"name":"the user navigates to login page and user enters username and password and clicks on the Login button","match":{"location":"com.cg.stepdefinition.DashboardSteDefinition.the_user_navigates_to_login_page_and_user_enters_username_and_password_and_clicks_on_the_login_button()"},"keyword":"Given "},{"result":{"duration":991400,"status":"passed"},"line":5,"name":"User navigates the  Dashboard page of OrangeHRM","match":{"location":"com.cg.stepdefinition.DashboardSteDefinition.user_navigates_the_dashboard_page_of_orange_hrm()"},"keyword":"Then "},{"result":{"error_message":"java.lang.NullPointerException: Cannot invoke \"org.openqa.selenium.SearchContext.findElement(org.openqa.selenium.By)\" because \"this.searchContext\" is null\r\n\tat org.openqa.selenium.support.pagefactory.DefaultElementLocator.findElement(DefaultElementLocator.java:70)\r\n\tat org.openqa.selenium.support.pagefactory.internal.LocatingElementHandler.invoke(LocatingElementHandler.java:39)\r\n\tat jdk.proxy2/jdk.proxy2.$Proxy28.isDisplayed(Unknown Source)\r\n\tat com.cg.pagefactory.DashboardPage.timeatwork(DashboardPage.java:47)\r\n\tat com.cg.stepdefinition.DashboardSteDefinition.checking_the_components_in_dashboard_section(DashboardSteDefinition.java:43)\r\n\tat ✽.Checking the components in Dashboard section(file:///C:/Users/mopullag/eclipse-workspace/chitti/CucumberSeleniumProject/src/test/resources/FeatureFiles/Dashboard.feature:6)\r\n","duration":5013599500,"status":"failed"},"line":6,"name":"Checking the components in Dashboard section","match":{"location":"com.cg.stepdefinition.DashboardSteDefinition.checking_the_components_in_dashboard_section()"},"keyword":"When "},{"result":{"duration":1010600,"status":"skipped"},"line":7,"name":"Checking components successful","match":{"location":"com.cg.stepdefinition.DashboardSteDefinition.checking_components_successful()"},"keyword":"Then "}]}],"name":"checking the dashboard functionaliy","description":"","id":"checking-the-dashboard-functionaliy","keyword":"Feature","uri":"file:src/test/resources/FeatureFiles/Dashboard.feature","tags":[]},{"line":1,"elements":[{"start_timestamp":"2024-04-10T08:16:28.921Z","line":3,"name":"User logs into OrangeHRM and is redirected to the homepage","description":"","id":"orangehrm-login;user-logs-into-orangehrm-and-is-redirected-to-the-homepage","type":"scenario","keyword":"Scenario","steps":[{"result":{"duration":23880846200,"status":"passed"},"line":4,"name":"the user is on the OrangeHRM login page","match":{"location":"com.cg.stepdefinition.OrangeHRMStepDefinition.the_user_is_on_the_orange_hrm_login_page()"},"keyword":"Given "},{"result":{"duration":576327400,"status":"passed"},"line":5,"name":"the user enters valid credentials (username: \"Admin\", password: \"admin123\")","match":{"arguments":[{"val":"\"Admin\"","offset":45},{"val":"\"admin123\"","offset":64}],"location":"com.cg.stepdefinition.OrangeHRMStepDefinition.the_user_enters_valid_credentials_username_password(java.lang.String,java.lang.String)"},"keyword":"When "},{"result":{"duration":165093200,"status":"passed"},"line":6,"name":"the user clicks on the Login button","match":{"location":"com.cg.stepdefinition.OrangeHRMStepDefinition.the_user_clicks_on_the_login_button()"},"keyword":"And "},{"result":{"duration":3013200,"status":"passed"},"line":7,"name":"the user should be redirected to the OrangeHRM homepage","match":{"location":"com.cg.stepdefinition.OrangeHRMStepDefinition.the_user_should_be_redirected_to_the_orange_hrm_homepage()"},"keyword":"Then "}]}],"name":"OrangeHRM Login","description":"","id":"orangehrm-login","keyword":"Feature","uri":"file:src/test/resources/FeatureFiles/OrangeHrmLogin.feature","tags":[]},{"line":1,"elements":[{"start_timestamp":"2024-04-10T08:16:53.715Z","line":3,"name":"Add a new employee with login creation","description":"","id":"add-employee-functionality;add-a-new-employee-with-login-creation","type":"scenario","keyword":"Scenario","steps":[{"result":{"error_message":"org.openqa.selenium.NoSuchElementException: no such element: Unable to locate element: {\"method\":\"css selector\",\"selector\":\"*[name='username']\"}\n  (Session info: chrome=123.0.6312.106)\nFor documentation on this error, please visit: https://selenium.dev/exceptions/#no_such_element\nBuild info: version: '4.8.2', revision: '826dbfc730'\nSystem info: os.name: 'Windows 11', os.arch: 'amd64', os.version: '10.0', java.version: '17.0.7'\nDriver info: org.openqa.selenium.chrome.ChromeDriver\nCommand: [6cc69fea830f42a3ce08f563d99014d7, findElement {using=name, value=username}]\nCapabilities {acceptInsecureCerts: false, browserName: chrome, browserVersion: 123.0.6312.106, chrome: {chromedriverVersion: 122.0.6261.94 (880dbf29479c..., userDataDir: C:\\WINDOWS\\SystemTemp\\scope...}, fedcm:accounts: true, goog:chromeOptions: {debuggerAddress: localhost:54196}, networkConnectionEnabled: false, pageLoadStrategy: normal, platformName: WINDOWS, proxy: Proxy(), se:cdp: ws://localhost:54196/devtoo..., se:cdpVersion: 123.0.6312.106, setWindowRect: true, strictFileInteractability: false, timeouts: {implicit: 0, pageLoad: 300000, script: 30000}, unhandledPromptBehavior: dismiss and notify, webauthn:extension:credBlob: true, webauthn:extension:largeBlob: true, webauthn:extension:minPinLength: true, webauthn:extension:prf: true, webauthn:virtualAuthenticators: true}\nSession ID: 6cc69fea830f42a3ce08f563d99014d7\r\n\tat java.base/jdk.internal.reflect.NativeConstructorAccessorImpl.newInstance0(Native Method)\r\n\tat java.base/jdk.internal.reflect.NativeConstructorAccessorImpl.newInstance(NativeConstructorAccessorImpl.java:77)\r\n\tat java.base/jdk.internal.reflect.DelegatingConstructorAccessorImpl.newInstance(DelegatingConstructorAccessorImpl.java:45)\r\n\tat java.base/java.lang.reflect.Constructor.newInstanceWithCaller(Constructor.java:499)\r\n\tat java.base/java.lang.reflect.Constructor.newInstance(Constructor.java:480)\r\n\tat org.openqa.selenium.remote.codec.w3c.W3CHttpResponseCodec.createException(W3CHttpResponseCodec.java:200)\r\n\tat org.openqa.selenium.remote.codec.w3c.W3CHttpResponseCodec.decode(W3CHttpResponseCodec.java:133)\r\n\tat org.openqa.selenium.remote.codec.w3c.W3CHttpResponseCodec.decode(W3CHttpResponseCodec.java:53)\r\n\tat org.openqa.selenium.remote.HttpCommandExecutor.execute(HttpCommandExecutor.java:193)\r\n\tat org.openqa.selenium.remote.service.DriverCommandExecutor.invokeExecute(DriverCommandExecutor.java:183)\r\n\tat org.openqa.selenium.remote.service.DriverCommandExecutor.execute(DriverCommandExecutor.java:158)\r\n\tat org.openqa.selenium.remote.RemoteWebDriver.execute(RemoteWebDriver.java:543)\r\n\tat org.openqa.selenium.remote.ElementLocation$ElementFinder$2.findElement(ElementLocation.java:162)\r\n\tat org.openqa.selenium.remote.ElementLocation.findElement(ElementLocation.java:66)\r\n\tat org.openqa.selenium.remote.RemoteWebDriver.findElement(RemoteWebDriver.java:352)\r\n\tat org.openqa.selenium.remote.RemoteWebDriver.findElement(RemoteWebDriver.java:344)\r\n\tat org.openqa.selenium.support.pagefactory.DefaultElementLocator.findElement(DefaultElementLocator.java:70)\r\n\tat org.openqa.selenium.support.pagefactory.internal.LocatingElementHandler.invoke(LocatingElementHandler.java:39)\r\n\tat jdk.proxy2/jdk.proxy2.$Proxy28.sendKeys(Unknown Source)\r\n\tat com.cg.pagefactory.AddEmployee.login(AddEmployee.java:48)\r\n\tat com.cg.stepdefinition.AddEmployeeStep.the_user_enters_valid_credentials_with_username_and_password_when_user_navigates_to_the_pim_section(AddEmployeeStep.java:23)\r\n\tat ✽.the user enters valid credentials with username \"Admin\" and password \"admin123\"    When User navigates to the PIM section(file:///C:/Users/mopullag/eclipse-workspace/chitti/CucumberSeleniumProject/src/test/resources/FeatureFiles/add_employee.feature:4)\r\n","duration":32521117000,"status":"failed"},"line":4,"name":"the user enters valid credentials with username \"Admin\" and password \"admin123\"    When User navigates to the PIM section","match":{"arguments":[{"val":"\"Admin\"","offset":48},{"val":"\"admin123\"","offset":69}],"location":"com.cg.stepdefinition.AddEmployeeStep.the_user_enters_valid_credentials_with_username_and_password_when_user_navigates_to_the_pim_section(java.lang.String,java.lang.String)"},"keyword":"Given "},{"result":{"duration":2000800,"status":"skipped"},"line":5,"name":"User clicks on the Add Employee button","match":{"location":"com.cg.stepdefinition.AddEmployeeStep.user_clicks_on_the_add_employee_button()"},"keyword":"And "},{"result":{"duration":1993300,"status":"skipped"},"line":6,"name":"User enters employee details (first name, middle name, last name, employee ID)","match":{"location":"com.cg.stepdefinition.AddEmployeeStep.user_enters_employee_details_first_name_middle_name_last_name_employee_id()"},"keyword":"And "},{"result":{"duration":983000,"status":"skipped"},"line":7,"name":"User enables login creation","match":{"location":"com.cg.stepdefinition.AddEmployeeStep.user_enables_login_creation()"},"keyword":"And "},{"result":{"duration":997700,"status":"skipped"},"line":8,"name":"User enters username and password","match":{"location":"com.cg.stepdefinition.AddEmployeeStep.user_enters_username_and_password()"},"keyword":"And "},{"result":{"duration":1995300,"status":"skipped"},"line":9,"name":"User clicks on the \"Save\" button","match":{},"keyword":"And "},{"result":{"duration":983100,"status":"skipped"},"line":10,"name":"System should display the newly added employee details","match":{"location":"com.cg.stepdefinition.AddEmployeeStep.system_should_display_the_newly_added_employee_details()"},"keyword":"Then "}]}],"name":"Add Employee Functionality","description":"","id":"add-employee-functionality","keyword":"Feature","uri":"file:src/test/resources/FeatureFiles/add_employee.feature","tags":[]},{"line":2,"elements":[{"start_timestamp":"2024-04-10T08:17:26.304Z","line":4,"name":"Creating the new report in the reports section","description":"","id":"creating-the-new-report;creating-the-new-report-in-the-reports-section","type":"scenario","keyword":"Scenario","steps":[{"result":{"error_message":"org.openqa.selenium.InvalidSelectorException: invalid selector: Unable to locate an element with the xpath expression //a[normalization-space()='PIM'] because of the following error:\nSyntaxError: Failed to execute 'evaluate' on 'Document': The string '//a[normalization-space()='PIM']' is not a valid XPath expression.\n  (Session info: chrome=123.0.6312.106)\nFor documentation on this error, please visit: https://selenium.dev/exceptions/#invalid_selector_exception\nBuild info: version: '4.8.2', revision: '826dbfc730'\nSystem info: os.name: 'Windows 11', os.arch: 'amd64', os.version: '10.0', java.version: '17.0.7'\nDriver info: org.openqa.selenium.chrome.ChromeDriver\nCommand: [7ed41f0b63af15930ff3a549ebbbd20b, findElement {using=xpath, value=//a[normalization-space()='PIM']}]\nCapabilities {acceptInsecureCerts: false, browserName: chrome, browserVersion: 123.0.6312.106, chrome: {chromedriverVersion: 122.0.6261.94 (880dbf29479c..., userDataDir: C:\\WINDOWS\\SystemTemp\\scope...}, fedcm:accounts: true, goog:chromeOptions: {debuggerAddress: localhost:54258}, networkConnectionEnabled: false, pageLoadStrategy: normal, platformName: WINDOWS, proxy: Proxy(), se:cdp: ws://localhost:54258/devtoo..., se:cdpVersion: 123.0.6312.106, setWindowRect: true, strictFileInteractability: false, timeouts: {implicit: 0, pageLoad: 300000, script: 30000}, unhandledPromptBehavior: dismiss and notify, webauthn:extension:credBlob: true, webauthn:extension:largeBlob: true, webauthn:extension:minPinLength: true, webauthn:extension:prf: true, webauthn:virtualAuthenticators: true}\nSession ID: 7ed41f0b63af15930ff3a549ebbbd20b\r\n\tat java.base/jdk.internal.reflect.NativeConstructorAccessorImpl.newInstance0(Native Method)\r\n\tat java.base/jdk.internal.reflect.NativeConstructorAccessorImpl.newInstance(NativeConstructorAccessorImpl.java:77)\r\n\tat java.base/jdk.internal.reflect.DelegatingConstructorAccessorImpl.newInstance(DelegatingConstructorAccessorImpl.java:45)\r\n\tat java.base/java.lang.reflect.Constructor.newInstanceWithCaller(Constructor.java:499)\r\n\tat java.base/java.lang.reflect.Constructor.newInstance(Constructor.java:480)\r\n\tat org.openqa.selenium.remote.codec.w3c.W3CHttpResponseCodec.createException(W3CHttpResponseCodec.java:200)\r\n\tat org.openqa.selenium.remote.codec.w3c.W3CHttpResponseCodec.decode(W3CHttpResponseCodec.java:133)\r\n\tat org.openqa.selenium.remote.codec.w3c.W3CHttpResponseCodec.decode(W3CHttpResponseCodec.java:53)\r\n\tat org.openqa.selenium.remote.HttpCommandExecutor.execute(HttpCommandExecutor.java:193)\r\n\tat org.openqa.selenium.remote.service.DriverCommandExecutor.invokeExecute(DriverCommandExecutor.java:183)\r\n\tat org.openqa.selenium.remote.service.DriverCommandExecutor.execute(DriverCommandExecutor.java:158)\r\n\tat org.openqa.selenium.remote.RemoteWebDriver.execute(RemoteWebDriver.java:543)\r\n\tat org.openqa.selenium.remote.ElementLocation$ElementFinder$2.findElement(ElementLocation.java:162)\r\n\tat org.openqa.selenium.remote.ElementLocation.findElement(ElementLocation.java:60)\r\n\tat org.openqa.selenium.remote.RemoteWebDriver.findElement(RemoteWebDriver.java:352)\r\n\tat org.openqa.selenium.remote.RemoteWebDriver.findElement(RemoteWebDriver.java:344)\r\n\tat org.openqa.selenium.support.pagefactory.DefaultElementLocator.findElement(DefaultElementLocator.java:70)\r\n\tat org.openqa.selenium.support.pagefactory.internal.LocatingElementHandler.invoke(LocatingElementHandler.java:39)\r\n\tat jdk.proxy2/jdk.proxy2.$Proxy28.click(Unknown Source)\r\n\tat com.cg.pagefactory.Creatingnewreport.pim(Creatingnewreport.java:38)\r\n\tat com.cg.stepdefinition.CreatingnewreportStep.user_on_the_pim_section_and_creating_a_new_report(CreatingnewreportStep.java:29)\r\n\tat ✽.User on the PIM Section and creating a new report(file:///C:/Users/mopullag/eclipse-workspace/chitti/CucumberSeleniumProject/src/test/resources/FeatureFiles/creatingnewreport.feature:5)\r\n","duration":36768481900,"status":"failed"},"line":5,"name":"User on the PIM Section and creating a new report","match":{"location":"com.cg.stepdefinition.CreatingnewreportStep.user_on_the_pim_section_and_creating_a_new_report()"},"keyword":"Given "},{"result":{"duration":1005300,"status":"skipped"},"line":6,"name":"User clicked on the Reports option","match":{"location":"com.cg.stepdefinition.CreatingnewreportStep.user_clicked_on_the_reports_option()"},"keyword":"When "},{"result":{"duration":993400,"status":"skipped"},"line":7,"name":"User entered the Report name","match":{"location":"com.cg.stepdefinition.CreatingnewreportStep.user_entered_the_report_name()"},"keyword":"And "},{"result":{"duration":1008400,"status":"skipped"},"line":8,"name":"User click on save button","match":{"location":"com.cg.stepdefinition.CreatingnewreportStep.user_click_on_save_button()"},"keyword":"Then "}]}],"name":"Creating the new report","description":"","id":"creating-the-new-report","keyword":"Feature","uri":"file:src/test/resources/FeatureFiles/creatingnewreport.feature","tags":[]}]